{"name":"benchmark_ChBody","project_name":"chrono","passed":true,"execution_time":0.0511629581451416,"metrics":{"UpdateTime ":0.0003178119659423828,"UpdateForces ":0.003998994827270508,"UpdateMarkers ":0.0014028549194335938,"ClampSpeed ":0.0012881755828857422,"ComputeGyro ":0.006326913833618164,"VariablesFbReset ":0.0034308433532714845,"VariablesFbLoadForces ":0.003498077392578125,"VariablesQbLoadSpeed ":0.007297039031982422,"VarsQbIncrPosition ":0.00894618034362793,"VariablesQbSetSpeed ":0.013622045516967774}}